Part,Annotation,Description,Sequence
pACT1,promoter,,GCCTCTACCTTGCAGACCCATATAATATAATAACTAAATAAGTAAATAAGACACACGCGAGAACATATATACACAATTACAGTAACAATAACAAGAGGACAGATACTACCAAAATGTGTGGGGAAGCGGGTAAGCTGCCACAGCAATTAATGCACAACATTTAACCTACATTCTTCCTTATCGGATCCTCAAAACCCTTAAAAACATATGCCTCACCCTAACATATTTTCCAATTAACCCTCAATATTTCTCTGTCACCCGGCCTCTATTTTCCATTTTCTTCTTTACCCGCCACGCGTTTTTTTCTTTCAAATTTTTTTCTTCCTTCTTCTTTTTCTTCCACGTCCTCTTGCATAAATAAATAAACCGTTTTGAAACCAAACTCGCCTCTCTCTCTCCTTTTTGAAATATTTTTGGGTTTGTTTGATCCTTTCCTTCCCAATCTCTCTTGTTTAATATATATTCATTTATATCACGCTCTCTTTTTATCTTCCTTTTTTTCCTCTCTCTTGTATTCTTCCTTCCCCTTTCTACTCAAACCAAGAAGAAAAAGAAAAGGTCAATCTTTGTTAAAGAATAGGATCTTCTACTACATCAGCTTTTAGATTTTTCACGCTTACTGCTTTTTTCTTCCCAAGATCGAAAATTTACTGAATTAACA
pADH1,promoter,,AAGAAATGATGGTAAATGAAATAGGAAATCAAGGAGCATGAAGGCAAAAGACAAATATAAGGGTCGAACGAAAAATAAAGTGAAAAGTGTTGATATGATGTATTTGGCTTTGCGGCGCCGAAAAAACGAGTTTACGCAATTGCACAATCATGCTGACTCTGTGGCGGACCCGCGCTCTTGCCGGCCCGGCGATAACGCTGGGCGTGAGGCTGTGCCCGGCGGAGTTTTTTGCGCCTGCATTTTCCAAGGTTTACCCTGCGCTAAGGGGCGAGATTGGAGAAGCAATAAGAATGCCGGTTGGGGTTGCGATGATGACGACCACGACAACTGGTGTCATTATTTAAGTTGCCGAAAGAACCTGAGTGCATTTGCAACATGAGTATACTAGAAGAATGAGCCAAGACTTGCGAGACGCGAGTTTGCCGGTGGTGCGAACAATAGAGCGACCATGACCTTGAAGGTGAGACGCGCATAACCGCTAGAGTACTTTGAAGAGGAAACAGCAATAGGGTTGCTACCAGTATAAATAGACAGGTACATACAACACTGGAAATGGTTGTCTGTTTGAGTACGCTTTCAATTCATTTGGGTGTGCACTTTATTATGTTACAATATGGAAGGGAACTTTACACTTCTCCTATGCACATATATTAATTAAAGTCCAATGCTAGTAGAGAAGGGGGGTAACACCCCTCCGCGCTCTTTTCCGATTTTTTTCTAAACCGTGGAATATTTCGGATATCCTTTTGTTGTTTCCGGGTGTACAATATGGACTTCCTCTTTTCTGGCAACCAAACCCATACATCGGGATTCCTATAATACCTTCGTTGGTCTCCCTAACATGTAGGTGGCGGAGGGGAGATATACAATAGAACAGATACCAGACAAGACATAATGGGCTAAACAAGACTACACCAATTACACTGCCTCATTGATGGTGGTACATAACGAACTAATACTGTAGCCCTAGACTTGATAGCCATCATCATATCGAAGTTTCACTACCCTTTTTCCATTTGCCATCTATTGAAGTAATAATAGGCGCATGCAACTTCTTTTCTTTTTTTTTCTTTTCTCTCTCCCCCGTTGTTGTCTCACCATATCCGCAATGACAAAAAAATGATGGAAGACACTAAAGGAAAAAATTAACGACAAAGACAGCACCAACAGATGTCGTTGTTCCAGAGCTGATGAGGGGTATCTCGAAGCACACGAAACTTTTTCCTTCCTTCATTCACGCACACTACTCTCTAATGAGCAACGGTATACGGCCTTCCTTCCAGTTACTTGAATTTGAAATAAAAAAAAGTTTGCTGTCTTGCTATCAAGTATAAATAGACCTGCAATTATTAATCTTTTGTTTCCTCGTCATTGTTCTCGTTCCCTTTCTTCCTTGTTTCTTTTTCTGCACAATATTTCAAGCTATACCAAGCATACAATCAACTATCTCATATACA
pGALZ4,promoter,,TTATATTGAATTTTCAAAAATTCTTACTTTTTTTTTGGATGGACGCAAAGAAGTTTAATAATCATATTACATGGCATTACCACCATATACATATCCATATACATATCCATATCTAATCTTACTTATATGTTGTGGAAATGTAAAGAGCCCCATTATCTTAGCCTAAAAAAACCTTCTCTTTGGAACTTTCAGTAATACGCTTAACTGCTCATTGCTATATTGAAGTGCGGCCGCGGCGGAGGAGTGCGGCGGAGGAGGAGCGGCGGAGGAGTGCGGCGGAGGAGGAGCGGCGGAGGAGTGCGGCGGAGGAGTCTAGACCGTGCGTCCTCGTCTTCACCGGTCGCGTTCCTGAAACGCAGATGTGCCTCGCGCCGCACTGCTCCGAACAATAAAGATTCTACAATACTAGCTTTTATGGTTATGAAGAGGAAAAATTGGCAGTAACCTGGCCCCACAAACCTTCAAATTAACGAATCAAATTAACAACCATAGGATGATAATGCGATTAGTTTTTTAGCCTTATTTCTGGGGTAATTAATCAGCGAAGCGATGATTTTTGATCTATTAACAGATATATAAATGGAAAAGCTGCATAACCACTTTAACTAATACTTTCAACATTTTCAGTTTGTATTACTTCTTATTCAAATGTCATAAAAGTATCAACAAAAAATTGTTAATATACCTCTATACTTTAACGTCAAGGAGAAAAAACTATAC
pGRR,promoter,,AGTTTATCATTATCAATACTCGCCATTTCAAAGAATACGTAAATAATTAATAGTAGTGATTTTCCTAACTTTATTTAGTCAAAAAATTAGCCTTTTAATTCTGCTGTAACCCGTACATGCCCAAAATAGGGGGCGGGTTACACAGAATATATAACATCGTAGGTGTCTGGGTGAACAGTTTATTCCTGGCATCCACTAAATATAATGGAGCCCGCTTTTTAAGCTGGCATCCAGAAAAAAAAAGAATCCCAGCACCAAAATATTGTTTTCTTCACCAACCATCAGTTCATAGGTCCATTCTCTTAGCGCAACTACAGAGAACAGGGGCACAAACAGGCAAAAAACGGGCACAACCTCAATGGAGTGATGCAACCTGCCTGGAGTAAATGATGACACAAGGCAATTGACCCACGCATGTATCTATCTCATTTTCTTACACCTTCTATTACCTTCTGCTCTCTCTGATTTGGAAAAAGCTGAAAAAAAAGGTTGAAACCAGTTCCCTGAAATTATTCCCCTACTTGACTAATAAGTAAATTCCTGCAGCCCGGGTACTGTAT
pGRR TATA,TATA_box,,TGGCATGCATGTGCTCTGTATGTATATAAAACTcttgttttcttcttttctctaaatattctttcct
pGRR RBS,ribosome_entry_site,,gcataaattactatacttctatagacacacaaacacaaatacacacactaat
tCYC1,terminator,,attagttatgtcacgcttacattcacgccctccccccacatccgctctaaccgaaaaggaaggagttagacaacctgaagtctaggtccctatttatttttttatagttatgttagtattaagaacgttatttatatttcaaatttttcttttttttctgtacagacgcgtgtacgcatgtaacattatactgaaaaccttgcttgagaaggttttgggacgctcgaaggctttaatttg
PS,misc_feature,,ctagaactagtggatctacaaa
TS,misc_feature,,atgtcgtaataaccccgccccg
TP,misc_feature,,tgataccgtcgacctcgagtca
PP2,misc_feature,,ccttaaccagattcgaaaagcggc
yeGFP,gene,,ATGTCTAAAGGTGAAGAATTATTCACTGGTGTTGTCCCAATTTTGGTTGAATTAGATGGTGATGTTAATGGTCACAAATTTTCTGTCTCCGGTGAAGGTGAAGGTGATGCTACTTACGGTAAATTGACCTTAAAATTTATTTGTACTACTGGTAAATTGCCAGTTCCATGGCCAACCTTAGTCACTACTTTCGGTTATGGTGTTCAATGTTTTGCTAGATACCCAGATCATATGAAACAACATGACTTTTTCAAGTCTGCCATGCCAGAAGGTTATGTTCAAGAAAGAACTATTTTTTTCAAAGATGACGGTAACTACAAGACCAGAGCTGAAGTCAAGTTTGAAGGTGATACCTTAGTTAATAGAATCGAATTAAAAGGTATTGATTTTAAAGAAGATGGTAACATTTTAGGTCACAAATTGGAATACAACTATAACTCTCACAATGTTTACATCATGGCTGACAAACAAAAGAATGGTATCAAAGTTAACTTCAAAATTAGACACAACATTGAAGATGGTTCTGTTCAATTAGCTGACCATTATCAACAAAATACTCCAATTGGTGATGGTCCAGTCTTGTTACCAGACAACCATTACTTATCCACTCAATCTGCCTTATCCAAAGATCCAAACGAAAAGAGAGACCACATGGTCTTGTTAGAATTTGTTACTGCTGCTGGTATTACCCATGGTATGGATGAATTGTACAAATAA
ASBV1 Ribozyme,misc_feature,,GGGACGGGCCATCATCTATCCCTGAAGAGACGAAGGCTTCGGCCAAGTCGAAACGGAAACGTCGGATAGTCGCCCGTCCC
ASBV1 pADH1_INS1,misc_feature,,GGTTGA
ASBV1 pADH1_INS2,misc_feature,,CCTGC
ASBV1 pGAL1_INS1,misc_feature,,GCTTAGT
ASBV1 pGAL1_INS2,misc_feature,,ATCTCCC
ASBV1 pGRR_INS1,misc_feature,,TTTACACAGT
ASBV1 pGRR_INS2,misc_feature,,ACAC
HDV Ribozyme,misc_feature,,ggccggcatggtcccagcctcctcgctggcgccggctgggcaacatgcttcggcatggcgaatgggac
spCas9 gRNA Handle,misc_feature,,gttttagagctagaaatagcaagttaaaataaggctagtccgttatcaacttgaaaaagtggcaccgagtcggtgctttt
HH Ribozyme,misc_feature,,ctgatgagtccgtgaggacgaaacgagtaagctcgtc
PmeI,REST,,gtttaaac
yeGFP,gene,,atgtctaaaggtgaagaattattcactggtgttgtcccaattttggttgaattagatggtgatgttaatggtcacaaattttctgtctccggtgaaggtgaaggtgatgctacttacggtaaattgaccttaaaatttatttgtactactggtaaattgccagttccatggccaaccttagtcactactttcggttatggtgttcaatgttttgctagatacccagatcatatgaaacaacatgactttttcaagtctgccatgccagaaggttatgttcaagaaagaactatttttttcaaagatgacggtaactacaagaccagagctgaagtcaagtttgaaggtgataccttagttaatagaatcgaattaaaaggtattgattttaaagaagatggtaacattttaggtcacaaattggaatacaactataactctcacaatgtttacatcatggctgacaaacaaaagaatggtatcaaagttaacttcaaaattagacacaacattgaagatggttctgttcaattagctgaccattatcaacaaaatactccaattggtgatggtccagtcttgttaccagacaaccattacttatccactcaatctgccttatccaaagatccaaacgaaaagagagaccacatggtcttgttagaatttgttactgctgctggtattacccatggtatggatgaattgtacaaataa
AMPR and ORI,rep_origin,,catggtcatagctgtttcctgtgtgaaattgttatccgctcacaattccacacaacatacgagccggaagcataaagtgtaaagcctggggtgcctaatgagtgagctaactcacattaattgcgttgcgctcactgcccgctttccagtcgggaaacctgtcgtgccagctgcattaatgaatcggccaacgcgcggggagaggcggtttgcgtattgggcgctcttccgcttcctcgctcactgactcgctgcgctcggtcgttcggctgcggcgagcggtatcagctcactcaaaggcggtaatacggttatccacagaatcaggggataacgcaggaaagaacatgtgagcaaaaggccagcaaaaggccaggaaccgtaaaaaggccgcgttgctggcgtttttccataggctccgcccccctgacgagcatcacaaaaatcgacgctcaagtcagaggtggcgaaacccgacaggactataaagataccaggcgtttccccctggaagctccctcgtgcgctctcctgttccgaccctgccgcttaccggatacctgtccgcctttctcccttcgggaagcgtggcgctttctcatagctcacgctgtaggtatctcagttcggtgtaggtcgttcgctccaagctgggctgtgtgcacgaaccccccgttcagcccgaccgctgcgccttatccggtaactatcgtcttgagtccaacccggtaagacacgacttatcgccactggcagcagccactggtaacaggattagcagagcgaggtatgtaggcggtgctacagagttcttgaagtggtggcctaactacggctacactagaagaacagtatttggtatctgcgctctgctgaagccagttaccttcggaaaaagagttggtagctcttgatccggcaaacaaaccaccgctggtagcggtggtttttttgtttgcaagcagcagattacgcgcagaaaaaaaggatctcaagaagatcctttgatcttttctacggggtctgacgctcagtggaacgaaaactcacgttaagggattttggtcatgagattatcaaaaaggatcttcacctagatccttttaaattaaaaatgaagttttaaatcaatctaaagtatatatgagtaaacttggtctgacagttaccaatgcttaatcagtgaggcacctatctcagcgatctgtctatttcgttcatccatagttgcctgactccccgtcgtgtagataactacgatacgggagggcttaccatctggccccagtgctgcaatgataccgcgagacccacgctcaccggctccagatttatcagcaataaaccagccagccggaagggccgagcgcagaagtggtcctgcaactttatccgcctccatccagtctattaattgttgccgggaagctagagtaagtagttcgccagttaatagtttgcgcaacgttgttgccattgctacaggcatcgtggtgtcacgctcgtcgtttggtatggcttcattcagctccggttcccaacgatcaaggcgagttacatgatcccccatgttgtgcaaaaaagcggttagctccttcggtcctccgatcgttgtcagaagtaagttggccgcagtgttatcactcatggttatggcagcactgcataattctcttactgtcatgccatccgtaagatgcttttctgtgactggtgagtactcaaccaagtcattctgagaatagtgtatgcggcgaccgagttgctcttgcccggcgtcaatacgggataataccgcgccacatagcagaactttaaaagtgctcatcattggaaaacgttcttcggggcgaaaactctcaaggatcttaccgctgttgagatccagttcgatgtaacccactcgtgcacccaactgatcttcagcatcttttactttcaccagcgtttctgggtgagcaaaaacaggaaggcaaaatgccgcaaaaaagggaataagggcgacacggaaatgttgaatactcatactcttcctttttcaatattattgaagcatttatcagggttattgtctcatgagcggatacatatttgaatgtatttagaaaaataaacaaataggggttccgcgcacatttccccgaaaagtgccacctgacgtctaagaaaccattattatcatgacattaacctataaaaataggcgtatcacgaggccctttcgtctcgcgcgtttcggtgatgacggtgaaaacctctgacacatgcagctcccggagacggtcacagcttgtctgtaagcggatgccgggagcagacaagcccgtcagggcgcgtcagcgggtgttggcgggtgtcggggctggcttaactatgcggc
URA3 3'UTR,3'UTR,homology,aaaactgtattataagtaaatgcatgtatactaaactcacaaattagagcttcaatttaattatatcagttattacccgggaatctcggtcgtaatgatttctataatgacgaaaaaaaaaaaattggaaagaaaaagcttcatggcctttataaaaaggaactatccaatacctcgccagaaccaagtaacagtattttacggggcacaaatcaagaacaataagacaggactgtaaagatggacgcattgaactccaaagaacaacaagagttccaaaaagtagtggaacaaaagcaaatgaaggatttcatgcgtttgtactctaatctggtagaaagatgtttcacagactgtgtcaatgacttcacaacatcaaagctaaccaataaggaacaaacatgcatcatgaagtgctcagaaaagttcttgaagcatagcgaacgtgtagggcagcgtttccaagaacaaaacgctgccttgggacaaggcttgggccg
URA3 Promoter,promoter,homology,tgtggctgtggtttcagggtccataaagcttttcaattcatcttttttttttttgttcttttttttgattccggtttctttgaaatttttttgattcggtaatctccgagcagaaggaagaacgaaggaaggagcacagacttagattggtatatatacgcatatgtggtgttgaagaaacatgaaattgcccagtattcttaacccaactgcacagaacaaaaacctgcaggaaacgaagataaatc
URA3,CDS,homology,atgtcgaaagctacatataaggaacgtgctgctactcatcctagtcctgttgctgccaagctatttaatatcatgcacgaaaagcaaacaaacttgtgtgcttcattggatgttcgtaccaccaaggaattactggagttagttgaagcattaggtcccaaaatttgtttactaaaaacacatgtggatatcttgactgatttttccatggagggcacagttaagccgctaaaggcattatccgccaagtacaattttttactcttcgaagacagaaaatttgctgacattggtaatacagtcaaattgcagtactctgcgggtgtatacagaatagcagaatgggcagacattacgaatgcacacggtgtggtgggcccaggtattgttagcggtttgaagcaggcggcggaagaagtaacaaaggaacctagaggccttttgatgttagcagaattgtcatgcaagggctccctagctactggagaatatactaagggtactgttgacattgcgaagagcgacaaagattttgttatcggctttattgctcaaagagacatgggtggaagagatgaaggttacgattggttgattatgacacccggtgtgggtttagatgacaagggagacgcattgggtcaacagtatagaaccgtggatgatgtggtctctacaggatctgacattattattgttggaagaggactatttgcaaagggaagggatgctaaggtagagggtgaacgttacagaaaagcaggctgggaagcatatttgagaagatgcggccagcaaaactaa
tADH1,terminator,homology,gcgaatttcttatgatttatgatttttattattaaataagttataaaaaaaataagtgtatacaaattttaaagtgactcttaggttttaaaacgaaaattcttattcttgagtaactctttcctgtaggtcaggttgctttctcaggtatagcatgaggtcgctcttattgaccacacctc
HIS3 3'UTR,3'UTR,homology,tgacaccgattatttaaagctgcagcatacgatatatatacatgtgtatatatgtatacctatgaatgtcagtaagtatgtatacgaacagtatgatactgaagatgacaaggtaatgcatcattctatacgtgtcattctgaacgaggcgcgctttccttttttctttttgctttttctttttttttctcttgaactcgagaaaaaaaatataaaagagatggaggaacgggaaaaagttagttgtggtgataggtggcaagtggtattccgtaagaacaacaagaaaagcatttcatattatggctgaactgagcgaacaagtgcaaaatttaagcatcaacgacaacaacgagaatggttatgttcctcctcacttaagaggaaaaccaagaagtgccagaaataacagtagcaactacaataacaacaacggcggctacaacggtggccgtggcggtggcagcttctttagcaacaaccgtcgtggtggttacggcaacggtggtttcttcggtggaaacaacggtggcagcagatctaacggccgttctggtggtagatggatcgatggcaaacatgtcccagctccaagaaacgaaaaggccgagatcgccatatttggtgtccccgaggatccaaatttccaatcttctggtattaacttcgataactacgatgatattccagtggacgcctctggtaaggatgttcctgaaccaatcacagaatttacctcacctccattggacggattgttattggaaaacatcaaattggcccgtttcaccaagccaacacctgtgcaaaaatactccgtccctatcgttgccaacggcagagatttgatggcctgtgcgcagaccggttctggtaagactggtgggtttttattcccagtgttgtccgaatcatttaagactggaccatctcctcaaccagagtctcaaggctccttttaccaaagaaaggcctacccaactgctgtcattatggctcca
HIS3 Promoter,promoter,homology,cgttttaagagcttggtgagcgctaggagtcactgccaggtatcgtttgaacacggcattagtcagggaagtcataacacagtcctttcccgcaattttctttttctattactcttggcctcctctagtacactctatatttttttatgcctcggtaatgattttcatttttttttttccacctagcggatgactctttttttttcttagcgattggcattatcacataatgaattatacattatataaagtaatgtgatttcttcgaagaatatactaaaaaatgagcaggcaagataaacgaaggcaaag
HIS3,CDS,homology,atgacagagcagaaagccctagtaaagcgtattacaaatgaaaccaagattcagattgcgatctctttaaagggtggtcccctagcgatagagcactcgatcttcccagaaaaagaggcagaagcagtagcagaacaggccacacaatcgcaagtgattaacgtccacacaggtatagggtttctggaccatatgatacatgctctggccaagcattccggctggtcgctaatcgttgagtgcattggtgacttacacatagacgaccatcacaccactgaagactgcgggattgctctcggtcaagcttttaaagaggccctactggcgcgtggagtaaaaaggtttggatcaggatttgcgcctttggatgaggcactttccagagcggtggtagatctttcgaacaggccgtacgcagttgtcgaacttggtttgcaaagggagaaagtaggagatctctcttgcgagatgatcccgcattttcttgaaagctttgcagaggctagcagaattaccctccacgttgattgtctgcgaggcaagaatgatcatcaccgtagtgagagtgcgttcaaggctcttgcggttgccataagagaagccacctcgcccaatggtaccaacgatgttccctccaccaaaggtgttcttatgtag
TRP1 3'UTR,3'UTR,,tgcaggccttttgaaaagcaagcataaaagatctaaacataaaatctgtaaaataacaagatgtaaagataatgctaaatcatttggctttttgattgattgtacaggaaaatatacatcgcagggggttgacttttaccatttcaccgcaatggaatcaaacttgttgaagagaatgttcacaggcgcatacgctacaatgacccgattcttgctagccttttctcggtcttgcaaacaaccgccggcagcttagtatataaatacacatgtacatacctctctccgtatcctcgtaatcattttcttgtatttatcgtcttttcgctgtaaaaactttatcacacttatctcaaatacacttattaaccgcttttactattatcttctacgctgacagtaatatcaaacagtgacacatattaaacacagtggtttctttgcataaacaccat
TRP1 Promoter,promoter,,catttaatagaacagcatcgtaatatatgtgtactttgcagttatgacgccagatggcagtagtggaagatattctttattgaaaaatagcttgtcaccttacgtacaatcttgatccggagcttttctttttttgccgattaagaattaattcggtcgaaaaaagaaaaggagagggccaagagggagggcattggtgactattgagcacgtgagtatacgtgattaagcacacaaaggcagcttggagt
TRP1,CDS,,atgtctgttattaatttcacaggtagttctggtccattggtgaaagtttgcggcttgcagagcacagaggccgcagaatgtgctctagattccgatgctgacttgctgggtattatatgtgtgcccaatagaaagagaacaattgacccggttattgcaaggaaaatttcaagtcttgtaaaagcatataaaaatagttcaggcactccgaaatacttggttggcgtgtttcgtaatcaacctaaggaggatgttttggctctggtcaatgattacggcattgatatcgtccaactgcatggagatgagtcgtggcaagaataccaagagttcctcggtttgccagttattaaaagactcgtatttccaaaagactgcaacatactactcagtgcagcttcacagaaacctcattcgtttattcccttgtttgattcagaagcaggtgggacaggtgaacttttggattggaactcgatttctgactgggttggaaggcaagagagccccgaaagcttacattttatgttagctggtggactgacgccagaaaatgttggtgatgcgcttagattaaatggcgttattggtgttgatgtaagcggaggtgtggagacaaatggtgtaaaagactctaacaaaatagcaaatttcgtcaaaaatgctaagaaataggttattactgagtagtatttatttaagtattgtttgtgcacttgcc
r1,operator,W5,GGAACGTGATTGAATAACTT
r2,operator,W8,ACCAACGCAAAAAGATTTAG
r3,operator,W10,CATTGCCATACACCTTGAGG
r4,operator,W14,GAAAATCACAACTCTACTGA
r5,operator,W17,GAAGTCAGTTGACAGAGTCG
r6,operator,W19,GTGGTAACTTGCTCCATGTC
r7,operator,W20,CTTTACGTATAGGTTTAGAG
r8,operator,W22,CGCATTTCCTATTCAAACTT
r9,operator,W34,GCAACCCACAAATATCCAGT
r10,operator,W36,GTGACATAAACATTCGACTC
r11,operator,F1,GGGCAAAGAGACGCTTGTCG
r12,operator,F2,GAAGTCATCGCTTCTTGTCG
r13,operator,F3,GAGTTGACAAAGTATAACTT
r14,operator,F4,GAAGTTTCAGAATCTCGACG
r15,operator,F5,GGCTAGGATCCATCTGACTT
r16,operator,F6,GCAACCATAGACTCTCCAGG
r17,operator,F7,ACCACAACTGAGTCGAACCT
r18,operator,F8,GGGTAGCAACACTCGTACTT
r19,operator,F9,GTAAAAGATAACTCTGTTGC
r20,operator,F10,TCTACCCGAGACTCAAACGG
v1,operator,none,GTACATACAGTAGGATCCTA
v2,operator,none,TTTGGCACTACCGACACGAA
v3,operator,none,TGGTCAAAAGTGCGGCTTTC
v4,operator,none,CTTTCACAATCTTGACCTGC
c3,operator,c3,GTACATACAGTAGGATCCTA
c6,operator,c6,TGCAAAGGTCCTAATGTATA
LTR1 homology 1,misc_feature,,TTAGCAGATGCGCGCACCTGCGTTGTTACCACAACTCTTATGAGGCCCGCGGACAGCATCAAACCCAGTTGTTTGTAGCTGGTTCATATTTAGCGGCAATTCTCTGTTGCGTAAATGAAAATATTAATGTAAACAAAAAAAGACCAAAACATTTTAGCAGTGTAAGAAGGTGTACTGATACAAAATGTGTTTAGAGTCTACTGATATGTTACTGACCGTTCGTTGGGAAAAAAATACTGTATCATTTATTAATCAAAAGCGACTTTTGGTGGAATATTATGATATGTGTTGTTAAAATATGACGTAATTTTAGAATTGTCTGATTCGTATTCAAATTTGGTGAAGGAATAACGCAGAGTTGACAATTTAATAGAATGGATTAATCGTAATTTTCAGAAACGTAGAAAAAGAAAAACAATTAAAACATTATATTAAGATTATTGATTTGCCTTTTAAGGGTCCACATCAGAGCAGATTGTACTGAGAGTGCACCGGCGCGCCAGATCTGTTTAGCTTGCCTCGTCCCCGCCGGGTCACC
LTR1 homology 2,misc_feature,,GTGGTTATCACTTTCGGTTTTGATCCGGACAACCCCGGTTCGAATCCGGGTAGGACCTTTTTTATTCATTTTTACATAATATATGCTGAATATATTGGTTAAAGAGGTTTTTTTAGTTCCCAAATGTCCACAGTAAAGTAGATAAAGCAATAGCTATTTCCATCAAATCCAAACAATATTGTATTACCCACTTATTATTAAACAATGCATTTATTGGAGAAACACCCGCTTTCCGGGTAATAGCAGTCTATTTATTCTCATTCATTTATAAGCGGCGGAGAAAAATGATTGAGGAATTGATATAATTACACAGTAACTTTACGGAGCCTAAGGTAACAAGTGAAGTTTGGATAGCAGTTTTATTCCCATTTTTATCTGCAGTATAGGGAACTTGGAATCA
LTR2 homology 1,misc_feature,,AACCGATGAACGCAAATGAAGTTCCCTTCGCGGTAGATGGCAGTAGCTATCGGCAGTCACTAGGAAAAGTGAGTTTAGCACAGATATGCTGTGGGCGCTATCCCAATGTGGGCAAAGCGCGTGAACATCACGACGCGCCTTCCCGTTAAATTTTGTACCATCAAGGGCGCGTCTTCACTCGAGATGCGCGTTCTTTTGCTGGTTCTTTTCACTGAGGGCACAGAATATGATACCCACAGTATGACAAGTTTTAATCGAGATAGTTTGACGTTCGTTTTTTACTTTGAATATACTCGTAGTCTTTTTACTTTTTGAGTATAAAAAAAAAATGACTAGCAAAATAAAATTAGTAGTCTAAAAAAGAAAGCTCGCACTCAGGATCGAACTAAGGACCAACAGATTTGCAATCTGCTGCGCTACCACTGCGCCATACGAGCTTTTGAATTATGGTAATTTTGATTATCCTAGAATGTTATATCTCAATATCTCAATATATTTTGGACATCTATGAAACACCCATAAAGCAGCCGCTACCAAACAGACAAGATTCAGTATGTAAGGTAAATACCTTTTTGCACAGTTAAACTACCCAAACTTATTCcatcagagcagattgtactgagagtgcacc
LTR2 homology 2,misc_feature,,TTTGCGAAACCCTATGCTCTGTTGTTCGGATTTGAAATTTTAAAACTACATTAATGTGTTAGTTTTTCTTTCTTTCTTTCTTTGTCTTGACGTGATTTGGACTTCTGTCTTGCATTCGCGTCCATTCATCTGACCCAATATTCCTTTTGGTTTTGTTATCCTTATAAAAAGAAAGGAAGCTTCTTAGAGGGAAAAAAATGATGAAGAGTAATGCCAAAATATAAATAAATAAATAAATATGAAAATCATTTTCTATTTTTAATAGAATAAGAAGAGCATCTTAAGATTACAATTTCAAGAAATAGTTTACACAGTATATCCAATAACTCCAATAAACTACTTTCCTATACAAATTTCTATGGTGGGATTAATAGTAAAACTTCTGTACTTCTCTAATTCACCAAGAAATTAAGGTAAACATCTGGTAAGCACTATCCAGCTTTTTGCTATTACACATATGGCTTTTCTGCAATCATTTCTTCCCATTTTGTCTCAAGCCGTTAGTCTTGAAACCACAGGCGGAGTAGAGTTACTTGATGCGGTATTTTACATGCCTTTTTTCACTGCAAAAAAAATGAAATACATATTTACACGATTTGCAGGACAGTTTACGATAGTGAGTATGCAGAATAGTTAACACCTTTGTTTTATCCTTTTGTGTCTTAATTATATGATATAAAGGCGCCTGGC
LTR3 homology 1,misc_feature,,ACACGTTCCAGGCTGAACTCGAAATTGCTTACTATGTTCTATCCGTCTAAAAATGGCCTTTTCTATGAATGACAATGGTCCTAGTATACTTCTTGATGTGTCTTCACAAGGAATACCATTAGCATAATTGCTAAAGTCAACAAGCGCCATGCCGTACAACGAAGCACAAAGTGCCCTGATATAGTGGTAATGTTGCGCCAGACTATGCGCAGCAAAAGGATAATCCAGAAATGTGACTAATCCTACTATAACTAGCATATCTTCGGCGTTCCATATCGACAGCGTAGTATTAACGACACCTTCAGGCACTTGTAAGGAATATCTAAGCCCAGTCCTTTCAAGTACAGGTTGCTGTTCGAAATTGAGCTTATGAGAGGAATTGAATCCATCAGAGTCGTTTGCTGCAACATTGGCAGATAAATCTGTTCTCTCTTCATATTCACACCGTAATGAATTTTGTTGGCATCGCGAGCAAGCAGGCCGCAGTTTATCACGTTTCCACTTAACCTTTTTTCACTGTGGTTGAATCCATGGCAGCATTTCAGCAGCCAATTTcatcagagcagattgtactgagagtgcacc
LTR3 homology 2,misc_feature,,CTACCCTGAGTGAGTGTATGAGAATGCTGATAATTGCCACAGTTTCTTTTTATGTTCCTTCCTTTTTTTCTAAGGATGTTTATTGTAGCAAATATAAATATATAGCTCAATAAAGAAATACAAAGCTCCTATGTTTGCTAAGCTTTATCGCGGTCTTACTTACGTTACCAACAAAATTCTATCTACATTGCTATCACATCATTCCATACATTATTGCATAAATTCCTTTAAGCCGACTACATTGGCAATTATAATTCTTCTACACCCCTGTTGCCGTTGTAATGTTTACATTATTAGATGCATCCACCATTAAGACAAATTGGGCTGCAAACTCTTGGAAATATTCGGCGAAGTTACGGCAGAACGGGTGATTAATTGTTTTATTGTTCCAGGAGACTTTTCTCATTCCCTAAAAACATGATTATTACACAGCTTTGATCTAGAGCCGGTATTCGAACTAGTCAGACCATTTTTCACGAAATATAACAATATAGCCGCTG
HO homology 1,misc_feature,,TTAGCAGATGCGCGCACCTGCGTTGTTACCACAACTCTTATGAGGCCCGCGGACAGCATCAAActgtaagattccgccacattttatacactctggtcctttaactggcaaaccttcgggcgtaatgcccaatttttcgcctttgtcttttgcctttttcacttcacgtgcttctggtacatacttgcaatttatacagtgatgaccgctgaatttgtatcttccatagcatctagcacatactcgatttttaccactccaatctttataaaaatacttgattccctttctgggacaagcaacacagtgttttagattctttttttgtgatattttaagctgttctcccacacagcagcctcgacatgatttcacttctattttgttgccaagcaagaaatttttatggccttctatcgtaagcccatatacagtactctcaccctggaaatcatccgtgaagctgaaatatacgggttccctttttataattggcggaacttctcttgttttgtgaccacttcgacaatatgacaaaacattctgtgaagttgttcccccagcatcagagcagattgtactgagagtgcacc
HO homology 2,misc_feature,,acgccattttaagtccaaaggcacaattttacgttggaactaaacggtaaagatcaaatatcacctttattcttttttggtatgcatcgatttctttgccagtaagaactacgtgcaactctacattagatcaaaatataacggatcataaatgcaaacaacatttgtccaaaagaaacaaaaatgttggcgtttgtctcgaacatgacacaatactccttgatcgagggacattgcccgattaactatgatttatactttttactacaggtactcgttctccctactatttcaccagtatacggtcgttttatgattcatttattgcctataatggtaaaaagggacatcttaaccttacgtgttgcaatgagaccattcttttcgattcatcaactgtgaaatttctgaaatccagtacaatgcgaaacgctaccgataatggcaccgtcttttgaattatgaggcccagatatggcgttcaatcttcaacaaaaaaatgaatatcaaaactaaattctatctggataacaatctttctttggtttgcagaaatatcattaaaaaacaatccataactactaaggaagggtataaatggtttggtttactaattttatattttgatttgattagcaattataatctctaatatactatttctgtagccaaaaatctgcaatgtcaataagtagcaagtgccgcttactcgtgagaatatcaaccttatagcatatgttttctattttttttttttgcttatggagataatgaacattgtacacatgaacaaagtggtagttctctctccttgattttttgtgcttgcgatatatataattgttacattcaatggccatgctaaataaaggttttagctttgtttcactcgtgcccaggataatt
HYGMX,CDS,,ggcgcgccagatctgtttagcttgcctcgtccccgccgggtcacccggccagcgacatggaggcccagaataccctccttgacagtcttgacgtgcgcagctcaggggcatgatgtgactgtcgcccgtacatttagcccatacatccccatgtataatcatttgcatccatacattttgatggccgcacggcgcgaagcaaaaattacggctcctcgctgcggacctgcgagcagggaaacgctcccctcacagacgcgttgaattgtccccacgccgcgcccctgtagagaaatataaaaggttaggatttgccactgaggttcttctttcatatacttccttttaaaatcttgctaggatacagttctcacatcacatccgaacataaacaaccATGGGTAAAAAGCCTGAACTCACCGCGACGTCTGTCGAGAAGTTTCTGATCGAAAAGTTCGACAGCGTCTCCGACCTGATGCAGCTCTCGGAGGGCGAAGAATCTCGTGCTTTCAGCTTCGATGTAGGAGGGCGTGGATATGTCCTGCGGGTAAATAGCTGCGCCGATGGTTTCTACAAAGATCGTTATGTTTATCGGCACTTTGCATCGGCCGCGCTCCCGATTCCGGAAGTGCTTGACATTGGGGAATTCAGCGAGAGCCTGACCTATTGCATCTCCCGCCGTGCACAGGGTGTCACGTTGCAAGACCTGCCTGAAACCGAACTGCCCGCTGTTCTGCAGCCGGTCGCGGAGGCCATGGATGCGATCGCTGCGGCCGATCTTAGCCAGACGAGCGGGTTCGGCCCATTCGGACCGCAAGGAATCGGTCAATACACTACATGGCGTGATTTCATATGCGCGATTGCTGATCCCCATGTGTATCACTGGCAAACTGTGATGGACGACACCGTCAGTGCGTCCGTCGCGCAGGCTCTCGATGAGCTGATGCTTTGGGCCGAGGACTGCCCCGAAGTCCGGCACCTCGTGCACGCGGATTTCGGCTCCAACAATGTCCTGACGGACAATGGCCGCATAACAGCGGTCATTGACTGGAGCGAGGCGATGTTCGGGGATTCCCAATACGAGGTCGCCAACATCTTCTTCTGGAGGCCGTGGTTGGCTTGTATGGAGCAGCAGACGCGCTACTTCGAGCGGAGGCATCCGGAGCTTGCAGGATCGCCGCGGCTCCGGGCGTATATGCTCCGCATTGGTCTTGACCAACTCTATCAGAGCTTGGTTGACGGCAATTTCGATGATGCAGCTTGGGCGCAGGGTCGATGCGACGCAATCGTCCGATCCGGAGCCGGGACTGTCGGGCGTACACAAATCGCCCGCAGAAGCGCGGCCGTCTGGACCGATGGCTGTGTAGAAGTACTCGCCGATAGTGGAAACCGACGCCCCAGCACTCGTCCGAGGGCAAAGGAATAATCAGtactgacaataaaaagattcttgttttcaagaacttgtcatttgtatagtttttttatattgtagttgttctattttaatcaaatgttagcgtgatttatattttttttcgcctcgacatcatctgcccagatgcgaagttaagtgcgcagaaagtaatatcatgcgtcaatcgtatgtgaatgctggtcgctatactgctgtcgattcgatactaacgccgccatccagtgtc
BLEOMX,CDS,,ATCAGAGCAGATTGTACTGAGAGTGCACCggcgcgccagatctgtttagcttgcctcgtccccgccgggtcacccggccagcgacatggaggcccagaataccctccttgacagtcttgacgtgcgcagctcaggggcatgatgtgactgtcgcccgtacatttagcccatacatccccatgtataatcatttgcatccatacattttgatggccgcacggcgcgaagcaaaaattacggctcctcgctgcagacctgcgagcagggaaacgctcccctcacagacgcgttgaattgtccccacgccgcgcccctgtagagaaatataaaaggttaggatttgccactgaggttcttctttcatatacttccttttaaaatcttgctaggatacagttctcacatcacatccgaacataaacaaccATGGGTATGACCGACCAAGCGACGCCCAACCTGCCATCACGAGATTTCGATCCCACCGCCGCCTTCTATGAAAGGTTGGGCTTCGGAATCGTTTTCCGGGACGCCGGCTGGATGATCCTCCAGCGCGGGGATCTCATGCTGGAGTTCTTCGCCCACCCCGGGCTCGATCCCCTCGCGAGTTGGTTCAGCTGCTGCCTGAGGCTGGACGACCTCGCGGAGTTCTACCGGCAGTGCAAATCCGTCGGCATCCAGGAAACCAGCAGCGGCTATCCGCGCATCCATGCCCCCGAACTGCAGGAGTGGGGAGGCACGATGGCCGCTTTGGTCGACCCGGACGGGACGCTCCTGCGCCTGATACAGAACGAATTGCTTGCAGGCATCTCATGATCAGtactgacaataaaaagattcttgttttcaagaacttgtcatttgtatagtttttttatattgtagttgttctattttaatcaaatgttagcgtgatttatattttttttcgcctcgacatcatctgcccagatgcgaagttaagtgcgcagaaagtaatatcatgcgtcaatcgtatgtgaatgctggtcgctatactgctgtcgattcgatactaacgccgccatccagtgtc
NATMX,CDS,,cggccagcgacatggaggcccagaataccctccttgacagtcttgacgtgcgcagctcaggggcatgatgtgactgtcgcccgtacatttagcccatacatccccatgtataatcatttgcatccatacattttgatggccgcacggcgcgaagcaaaaattacggctcctcgctgcagacctgcgagcagggaaacgctcccctcacagacgcgttgaattgtccccacgccgcgcccctgtagagaaatataaaaggttaggatttgccactgaggttcttctttcatatacttccttttaaaatcttgctaggatacagttctcacatcacatccgaacataaacaaccatgggtaccactcttgacgacacggcttaccggtaccgcaccagtgtcccgggggacgccgaggccatcgaggcactggatgggtccttcaccaccgacaccgtcttccgcgtcaccgccaccggggacggcttcaccctgcgggaggtgccggtggacccgcccctgaccaaggtgttccccgacgacgaatcggacgacgaatcggacgccggggaggacggcgacccggactcccggacgttcgtcgcgtacggggacgacggcgacctggcgggcttcgtggtcgtctcgtactccggctggaaccgccggctgaccgtcgaggacatcgaggtcgccccggagcaccgggggcacggggtcgggcgcgcgttgatggggctcgcgacggagttcgcccgcgagcggggcgccgggcacctctggctggaggtcaccaacgtcaacgcaccggcgatccacgcgtaccggcggatggggttcaccctctgcggcctggacaccgccctgtacgacggcaccgcctcggacggcgagcaggcgctctacatgagcatgccctgcccctaatcagtactgacaataaaaagattcttgttttcaagaacttgtcatttgtatagtttttttatattgtagttgttctattttaatcaaatgttagcgtgatttatattttttttcgcctcgacatcatctgcccagatgcgaagttaagtgcgcagaaagtaatatcatgcgtcaatcgtatgtgaatgctggtcgctatactgctgtcgattcgatactaacgccgccatccagtgtc
LEU,CDS,,CGTATATAGTTTCGTCTACCCTATGAACATATTCCATTTTGTAATTTCGTGTCGTTTCTATTATGAATTTCATTTATAAAGTTTATGTACAAATATCATAAAAAAAGAGAATCTTTTTAAGCAAGGATTTTCTTAACTTCTTCGGCGACAGCATCACCGACTTCGGTGGTACTGTTGGAACCACCTAAATCACCAGTTCTGATACCTGCATCCAAAACCTTTTTAACTGCATCTTCAATGGCCTTACCTTCTTCAGGCAAGTTCAATGACAATTTCAACATCATTGCAGCAGACAAGATAGTGGCGATAGGGTCAACCTTATTCTTTGGCAAATCTGGAGCAGAACCGTGGCATGGTTCGTACAAACCAAATGCGGTGTTCTTGTCTGGCAAAGAGGCCAAGGACGCAGATGGCAACAAACCCAAGGAACCTGGGATAACGGAGGCTTCATCGGAGATGATATCACCAAACATGTTGCTGGTGATTATAATACCATTTAGGTGGGTTGGGTTCTTAACTAGGATCATGGCGGCAGAATCAATCAATTGATGTTGAACCTTCAATGTAGGAAATTCGTTCTTGATGGTTTCCTCCACAGTTTTTCTCCATAATCTTGAAGAGGCCAAAACATTAGCTTTATCCAAGGACCAAATAGGCAATGGTGGCTCATGTTGTAGGGCCATGAAAGCGGCCATTCTTGTGATTCTTTGCACTTCTGGAACGGTGTATTGTTCACTATCCCAAGCGACACCATCACCATCGTCTTCCTTTCTCTTACCAAAGTAAATACCTCCCACTAATTCTCTGACAACAACGAAGTCAGTACCTTTAGCAAATTGTGGCTTGATTGGAGATAAGTCTAAAAGAGAGTCGGATGCAAAGTTACATGGTCTTAAGTTGGCGTACAATTGAAGTTCTTTACGGATTTTTAGTAAACCTTGTTCAGGTCTAACACTACCGGTACCCCATTTAGGACCACCCACAGCACCTAACAAAACGGCATCAACCTTCTTGGAGGCTTCCAGCGCCTCATCTGGAAGTGGGACACCTGTAGCATCGATAGCAGCACCACCAATTAAATGATTTTCGAAATCGAACTTGACATTGGAACGAACATCAGAAATAGCTTTAAGAACCTTAATGGCTTCGGCTGTGATTTCTTGACCAACGTGGTCACCTGGCAAAACGACGATCTTCTTAGGGGCAGACAT
KANMX,CDS,,GGCGCGCCAGATCTGTTTAGCTTGCCTCGTCCCCGCCGGGTCACCCGGCCAGCGACATGGGGGCCCAGAATACCCTCCTTGACAGTCTTGACGTGCGCAGCTCAGGGGCATGATGTGACTGTCGCCCGTACATTTAGCCCATACATCCCCATGTATAATCATTTGCATCCATACATTTTGATGGCCGCACGGCGCGAAGCAAAAATTACGGCTCCTCGCTGCAGACCTGCGAGCAGGGAAACGCTCCCCTCACAGACGCGTTGAATTGTCCCCACGCCGCGCCCCTGTAGAGAAATATAAAAGGTTAGGATTTGCCACTGAGGTTCTTCTTTCATATACTTCCTTTTAAAATCTTGCTAGGATACAGTTCTCACATCACATCCGAACATAAACAACCATGGGTAAGGAAAAGACTCACGTTTCGAGGCCGCGATTAAATTCCAACATGGATGCTGATTTATATGGGTATAAATGGGCTCGCGATAATGTCGGGCAATCAGGTGCGACAATCTATCGATTGTATGGGAAGCCCGATGCGCCAGAGTTGTTTCTGAAACATGGCAAAGGTAGCGTTGCCAATGATGTTACAGATGAGATGGTCAGACTAAACTGGCTGACGGAATTTATGCCTCTTCCGACCATCAAGCATTTTATCCGTACTCCTGATGATGCATGGTTACTCACCACTGCGATCCCCGGCAAAACAGCATTCCAGATATTAGAAGAATATCCTGATTCAGGTGAAAATATTGTTGATGCGCTGGCAGTGTTCCTGCGCCGGTTGCATTCGATTCCTGTTTGTAATTGTCCTTTTAACAGCGATCGCGTATTTCGTCTCGCTCAGGCGCAATCACGAATGAATAACGGTTTGGTTGATGCGAGTGATTTTGATGACGAGCGTAATGGCTGGCCTGTTGAACAAGTCTGGAAAGAAATGCATAAGCTTTTGCCATTCTCACCGGATTCAGTCGTCACTCATGGTGATTTCTCACTTGATAACCTTATTTTTGACGAGGGGAAATTAATAGGTTGTATTGATGTTGGACGAGTCGGAATCGCAGACCGATACCAGGATCTTGCCATCCTATGGAACTGCCTCGGTGAGTTTTCTCCTTCATTACAGAAACGGCTTTTTCAAAAATATGGTATTGATAATCCTGATATGAATAAATTGCAGTTTCATTTGATGCTCGATGAGTTTTTCTAATCAGTACTGACAATAAAAAGATTCTTGTTTTCAAGAACTTGTCATTTGTATAGTTTTTTTATATTGTAGTTGTTCTATTTTAATCAAATGTTAGCGTGATTTATATTTTTTTTCGCCTCGACATCATCTGCCCAGATGCGAAGTTAAGTGCGCAGAAAGTAATATCATGCGTCAATCGTATGTGAATGCTGGTCGCTATACTGCTGTCGATTCGATACTAACGCCGCCATCCAGTGTC